,Accuracy,Precision,Recall,F1-Score
Random Forest,0.985,1.0,0.9711538461538461,0.9853658536585366
XGBoost,0.975,1.0,0.9519230769230769,0.9753694581280788
SVM,0.955,0.9523809523809523,0.9615384615384616,0.9569377990430622
MLP,0.97,1.0,0.9423076923076923,0.9702970297029703
KNN,0.95,0.9519230769230769,0.9519230769230769,0.9519230769230769
